dispatch_id,true_family,selector_regime_label,cost_aware_policy_outcome,baseline,selected_token_cost,budget_tokens,value,opt_value,value_over_opt,gap_over_opt,selected_count,status
adversarial_0,adversarial-redundancy,ambiguous,no_certified_switch,random_budgeted,18,18,19.162165,26.261376,0.729671,0.270329,3,available
adversarial_0,adversarial-redundancy,ambiguous,no_certified_switch,top_k_relevance,18,18,19.162165,26.261376,0.729671,0.270329,3,available
adversarial_0,adversarial-redundancy,ambiguous,no_certified_switch,mmr_density_greedy,18,18,26.261376,26.261376,1.0,0.0,3,available
adversarial_0,adversarial-redundancy,ambiguous,no_certified_switch,seeded_augmented_greedy,18,18,26.261376,26.261376,1.0,0.0,3,available
adversarial_0,adversarial-redundancy,ambiguous,no_certified_switch,pair_aware_local_search,18,18,26.261376,26.261376,1.0,0.0,3,available
adversarial_0,adversarial-redundancy,ambiguous,no_certified_switch,opt_or_near_opt,18,18,26.261376,26.261376,1.0,0.0,3,available
adversarial_0,adversarial-redundancy,ambiguous,no_certified_switch,v12_cost_aware_diagnostic_policy,18,18,26.261376,26.261376,1.0,0.0,3,available
adversarial_1,adversarial-redundancy,ambiguous,no_certified_switch,random_budgeted,18,18,25.446357,26.677771,0.953841,0.046159,3,available
adversarial_1,adversarial-redundancy,ambiguous,no_certified_switch,top_k_relevance,18,18,19.451332,26.677771,0.729121,0.270879,3,available
adversarial_1,adversarial-redundancy,ambiguous,no_certified_switch,mmr_density_greedy,18,18,26.677771,26.677771,1.0,0.0,3,available
adversarial_1,adversarial-redundancy,ambiguous,no_certified_switch,seeded_augmented_greedy,18,18,26.677771,26.677771,1.0,0.0,3,available
adversarial_1,adversarial-redundancy,ambiguous,no_certified_switch,pair_aware_local_search,18,18,26.677771,26.677771,1.0,0.0,3,available
adversarial_1,adversarial-redundancy,ambiguous,no_certified_switch,opt_or_near_opt,18,18,26.677771,26.677771,1.0,0.0,3,available
adversarial_1,adversarial-redundancy,ambiguous,no_certified_switch,v12_cost_aware_diagnostic_policy,18,18,26.677771,26.677771,1.0,0.0,3,available
adversarial_2,adversarial-redundancy,ambiguous,no_certified_switch,random_budgeted,18,18,24.255655,26.780782,0.905711,0.094289,3,available
adversarial_2,adversarial-redundancy,ambiguous,no_certified_switch,top_k_relevance,18,18,19.399822,26.780782,0.724393,0.275607,3,available
adversarial_2,adversarial-redundancy,ambiguous,no_certified_switch,mmr_density_greedy,18,18,26.780782,26.780782,1.0,0.0,3,available
adversarial_2,adversarial-redundancy,ambiguous,no_certified_switch,seeded_augmented_greedy,18,18,26.780782,26.780782,1.0,0.0,3,available
adversarial_2,adversarial-redundancy,ambiguous,no_certified_switch,pair_aware_local_search,18,18,26.780782,26.780782,1.0,0.0,3,available
adversarial_2,adversarial-redundancy,ambiguous,no_certified_switch,opt_or_near_opt,18,18,26.780782,26.780782,1.0,0.0,3,available
adversarial_2,adversarial-redundancy,ambiguous,no_certified_switch,v12_cost_aware_diagnostic_policy,18,18,26.780782,26.780782,1.0,0.0,3,available
adversarial_3,adversarial-redundancy,ambiguous,no_certified_switch,random_budgeted,18,18,25.357814,27.304636,0.9287,0.0713,3,available
adversarial_3,adversarial-redundancy,ambiguous,no_certified_switch,top_k_relevance,18,18,19.697747,27.304636,0.721407,0.278593,3,available
adversarial_3,adversarial-redundancy,ambiguous,no_certified_switch,mmr_density_greedy,18,18,27.304636,27.304636,1.0,0.0,3,available
adversarial_3,adversarial-redundancy,ambiguous,no_certified_switch,seeded_augmented_greedy,18,18,27.304636,27.304636,1.0,0.0,3,available
adversarial_3,adversarial-redundancy,ambiguous,no_certified_switch,pair_aware_local_search,18,18,27.304636,27.304636,1.0,0.0,3,available
adversarial_3,adversarial-redundancy,ambiguous,no_certified_switch,opt_or_near_opt,18,18,27.304636,27.304636,1.0,0.0,3,available
adversarial_3,adversarial-redundancy,ambiguous,no_certified_switch,v12_cost_aware_diagnostic_policy,18,18,27.304636,27.304636,1.0,0.0,3,available
adversarial_4,adversarial-redundancy,ambiguous,no_certified_switch,random_budgeted,18,18,24.12148,27.509452,0.876843,0.123157,3,available
adversarial_4,adversarial-redundancy,ambiguous,no_certified_switch,top_k_relevance,18,18,19.819338,27.509452,0.720456,0.279544,3,available
adversarial_4,adversarial-redundancy,ambiguous,no_certified_switch,mmr_density_greedy,18,18,27.509452,27.509452,1.0,0.0,3,available
adversarial_4,adversarial-redundancy,ambiguous,no_certified_switch,seeded_augmented_greedy,18,18,27.509452,27.509452,1.0,0.0,3,available
adversarial_4,adversarial-redundancy,ambiguous,no_certified_switch,pair_aware_local_search,18,18,27.509452,27.509452,1.0,0.0,3,available
adversarial_4,adversarial-redundancy,ambiguous,no_certified_switch,opt_or_near_opt,18,18,27.509452,27.509452,1.0,0.0,3,available
adversarial_4,adversarial-redundancy,ambiguous,no_certified_switch,v12_cost_aware_diagnostic_policy,18,18,27.509452,27.509452,1.0,0.0,3,available
adversarial_5,adversarial-redundancy,ambiguous,no_certified_switch,random_budgeted,18,18,27.927664,28.182472,0.990959,0.009041,3,available
adversarial_5,adversarial-redundancy,ambiguous,no_certified_switch,top_k_relevance,18,18,20.458496,28.182472,0.72593,0.27407,3,available
adversarial_5,adversarial-redundancy,ambiguous,no_certified_switch,mmr_density_greedy,18,18,28.182472,28.182472,1.0,0.0,3,available
adversarial_5,adversarial-redundancy,ambiguous,no_certified_switch,seeded_augmented_greedy,18,18,28.182472,28.182472,1.0,0.0,3,available
adversarial_5,adversarial-redundancy,ambiguous,no_certified_switch,pair_aware_local_search,18,18,28.182472,28.182472,1.0,0.0,3,available
adversarial_5,adversarial-redundancy,ambiguous,no_certified_switch,opt_or_near_opt,18,18,28.182472,28.182472,1.0,0.0,3,available
adversarial_5,adversarial-redundancy,ambiguous,no_certified_switch,v12_cost_aware_diagnostic_policy,18,18,28.182472,28.182472,1.0,0.0,3,available
adversarial_6,adversarial-redundancy,ambiguous,no_certified_switch,random_budgeted,18,18,22.015975,29.022676,0.758578,0.241422,3,available
adversarial_6,adversarial-redundancy,ambiguous,no_certified_switch,top_k_relevance,18,18,20.95988,29.022676,0.72219,0.27781,3,available
adversarial_6,adversarial-redundancy,ambiguous,no_certified_switch,mmr_density_greedy,18,18,29.022676,29.022676,1.0,0.0,3,available
adversarial_6,adversarial-redundancy,ambiguous,no_certified_switch,seeded_augmented_greedy,18,18,29.022676,29.022676,1.0,0.0,3,available
adversarial_6,adversarial-redundancy,ambiguous,no_certified_switch,pair_aware_local_search,18,18,29.022676,29.022676,1.0,0.0,3,available
adversarial_6,adversarial-redundancy,ambiguous,no_certified_switch,opt_or_near_opt,18,18,29.022676,29.022676,1.0,0.0,3,available
adversarial_6,adversarial-redundancy,ambiguous,no_certified_switch,v12_cost_aware_diagnostic_policy,18,18,29.022676,29.022676,1.0,0.0,3,available
adversarial_7,adversarial-redundancy,ambiguous,no_certified_switch,random_budgeted,18,18,24.998406,29.000571,0.861997,0.138003,3,available
adversarial_7,adversarial-redundancy,ambiguous,no_certified_switch,top_k_relevance,18,18,20.904605,29.000571,0.720834,0.279166,3,available
adversarial_7,adversarial-redundancy,ambiguous,no_certified_switch,mmr_density_greedy,18,18,29.000571,29.000571,1.0,0.0,3,available
adversarial_7,adversarial-redundancy,ambiguous,no_certified_switch,seeded_augmented_greedy,18,18,29.000571,29.000571,1.0,0.0,3,available
adversarial_7,adversarial-redundancy,ambiguous,no_certified_switch,pair_aware_local_search,18,18,29.000571,29.000571,1.0,0.0,3,available
adversarial_7,adversarial-redundancy,ambiguous,no_certified_switch,opt_or_near_opt,18,18,29.000571,29.000571,1.0,0.0,3,available
adversarial_7,adversarial-redundancy,ambiguous,no_certified_switch,v12_cost_aware_diagnostic_policy,18,18,29.000571,29.000571,1.0,0.0,3,available
adversarial_8,adversarial-redundancy,ambiguous,no_certified_switch,random_budgeted,18,18,18.37644,29.481319,0.623325,0.376675,3,available
adversarial_8,adversarial-redundancy,ambiguous,no_certified_switch,top_k_relevance,18,18,21.249981,29.481319,0.720795,0.279205,3,available
adversarial_8,adversarial-redundancy,ambiguous,no_certified_switch,mmr_density_greedy,18,18,29.481319,29.481319,1.0,0.0,3,available
adversarial_8,adversarial-redundancy,ambiguous,no_certified_switch,seeded_augmented_greedy,18,18,29.481319,29.481319,1.0,0.0,3,available
adversarial_8,adversarial-redundancy,ambiguous,no_certified_switch,pair_aware_local_search,18,18,29.481319,29.481319,1.0,0.0,3,available
adversarial_8,adversarial-redundancy,ambiguous,no_certified_switch,opt_or_near_opt,18,18,29.481319,29.481319,1.0,0.0,3,available
adversarial_8,adversarial-redundancy,ambiguous,no_certified_switch,v12_cost_aware_diagnostic_policy,18,18,29.481319,29.481319,1.0,0.0,3,available
adversarial_9,adversarial-redundancy,ambiguous,no_certified_switch,random_budgeted,18,18,22.817846,29.792985,0.76588,0.23412,3,available
adversarial_9,adversarial-redundancy,ambiguous,no_certified_switch,top_k_relevance,18,18,21.48625,29.792985,0.721185,0.278815,3,available
adversarial_9,adversarial-redundancy,ambiguous,no_certified_switch,mmr_density_greedy,18,18,29.792985,29.792985,1.0,0.0,3,available
adversarial_9,adversarial-redundancy,ambiguous,no_certified_switch,seeded_augmented_greedy,18,18,29.792985,29.792985,1.0,0.0,3,available
adversarial_9,adversarial-redundancy,ambiguous,no_certified_switch,pair_aware_local_search,18,18,29.792985,29.792985,1.0,0.0,3,available
adversarial_9,adversarial-redundancy,ambiguous,no_certified_switch,opt_or_near_opt,18,18,29.792985,29.792985,1.0,0.0,3,available
adversarial_9,adversarial-redundancy,ambiguous,no_certified_switch,v12_cost_aware_diagnostic_policy,18,18,29.792985,29.792985,1.0,0.0,3,available
higher_order_0,higher-order-prerequisite,higher_order_risk,interaction_aware_local_search,random_budgeted,18,18,13.210087,34.063951,0.387803,0.612197,3,available
higher_order_0,higher-order-prerequisite,higher_order_risk,interaction_aware_local_search,top_k_relevance,18,18,17.534611,34.063951,0.514756,0.485244,3,available
higher_order_0,higher-order-prerequisite,higher_order_risk,interaction_aware_local_search,mmr_density_greedy,18,18,17.534611,34.063951,0.514756,0.485244,3,available
higher_order_0,higher-order-prerequisite,higher_order_risk,interaction_aware_local_search,seeded_augmented_greedy,18,18,34.063951,34.063951,1.0,0.0,3,available
higher_order_0,higher-order-prerequisite,higher_order_risk,interaction_aware_local_search,pair_aware_local_search,18,18,34.063951,34.063951,1.0,0.0,3,available
higher_order_0,higher-order-prerequisite,higher_order_risk,interaction_aware_local_search,opt_or_near_opt,18,18,34.063951,34.063951,1.0,0.0,3,available
higher_order_0,higher-order-prerequisite,higher_order_risk,interaction_aware_local_search,v12_cost_aware_diagnostic_policy,18,18,34.063951,34.063951,1.0,0.0,3,available
higher_order_1,higher-order-prerequisite,higher_order_risk,interaction_aware_local_search,random_budgeted,18,18,10.156187,35.130535,0.289099,0.710901,3,available
higher_order_1,higher-order-prerequisite,higher_order_risk,interaction_aware_local_search,top_k_relevance,18,18,17.56052,35.130535,0.499865,0.500135,3,available
higher_order_1,higher-order-prerequisite,higher_order_risk,interaction_aware_local_search,mmr_density_greedy,18,18,17.56052,35.130535,0.499865,0.500135,3,available
higher_order_1,higher-order-prerequisite,higher_order_risk,interaction_aware_local_search,seeded_augmented_greedy,18,18,35.130535,35.130535,1.0,0.0,3,available
higher_order_1,higher-order-prerequisite,higher_order_risk,interaction_aware_local_search,pair_aware_local_search,18,18,35.130535,35.130535,1.0,0.0,3,available
higher_order_1,higher-order-prerequisite,higher_order_risk,interaction_aware_local_search,opt_or_near_opt,18,18,35.130535,35.130535,1.0,0.0,3,available
higher_order_1,higher-order-prerequisite,higher_order_risk,interaction_aware_local_search,v12_cost_aware_diagnostic_policy,18,18,35.130535,35.130535,1.0,0.0,3,available
higher_order_2,higher-order-prerequisite,ambiguous,no_certified_switch,random_budgeted,18,18,14.110276,35.723422,0.394987,0.605013,3,available
higher_order_2,higher-order-prerequisite,ambiguous,no_certified_switch,top_k_relevance,18,18,17.953461,35.723422,0.502568,0.497432,3,available
higher_order_2,higher-order-prerequisite,ambiguous,no_certified_switch,mmr_density_greedy,18,18,17.953461,35.723422,0.502568,0.497432,3,available
higher_order_2,higher-order-prerequisite,ambiguous,no_certified_switch,seeded_augmented_greedy,18,18,35.723422,35.723422,1.0,0.0,3,available
higher_order_2,higher-order-prerequisite,ambiguous,no_certified_switch,pair_aware_local_search,18,18,35.723422,35.723422,1.0,0.0,3,available
higher_order_2,higher-order-prerequisite,ambiguous,no_certified_switch,opt_or_near_opt,18,18,35.723422,35.723422,1.0,0.0,3,available
higher_order_2,higher-order-prerequisite,ambiguous,no_certified_switch,v12_cost_aware_diagnostic_policy,18,18,35.723422,35.723422,1.0,0.0,3,available
higher_order_3,higher-order-prerequisite,ambiguous,no_certified_switch,random_budgeted,18,18,10.080658,35.396916,0.284789,0.715211,3,available
higher_order_3,higher-order-prerequisite,ambiguous,no_certified_switch,top_k_relevance,18,18,18.050113,35.396916,0.509935,0.490065,3,available
higher_order_3,higher-order-prerequisite,ambiguous,no_certified_switch,mmr_density_greedy,18,18,18.050113,35.396916,0.509935,0.490065,3,available
higher_order_3,higher-order-prerequisite,ambiguous,no_certified_switch,seeded_augmented_greedy,18,18,35.396916,35.396916,1.0,0.0,3,available
higher_order_3,higher-order-prerequisite,ambiguous,no_certified_switch,pair_aware_local_search,18,18,35.396916,35.396916,1.0,0.0,3,available
higher_order_3,higher-order-prerequisite,ambiguous,no_certified_switch,opt_or_near_opt,18,18,35.396916,35.396916,1.0,0.0,3,available
higher_order_3,higher-order-prerequisite,ambiguous,no_certified_switch,v12_cost_aware_diagnostic_policy,18,18,35.396916,35.396916,1.0,0.0,3,available
higher_order_4,higher-order-prerequisite,higher_order_risk,interaction_aware_local_search,random_budgeted,18,18,14.281704,36.632439,0.389865,0.610135,3,available
higher_order_4,higher-order-prerequisite,higher_order_risk,interaction_aware_local_search,top_k_relevance,18,18,18.608475,36.632439,0.507978,0.492022,3,available
higher_order_4,higher-order-prerequisite,higher_order_risk,interaction_aware_local_search,mmr_density_greedy,18,18,18.608475,36.632439,0.507978,0.492022,3,available
higher_order_4,higher-order-prerequisite,higher_order_risk,interaction_aware_local_search,seeded_augmented_greedy,18,18,36.632439,36.632439,1.0,0.0,3,available
higher_order_4,higher-order-prerequisite,higher_order_risk,interaction_aware_local_search,pair_aware_local_search,18,18,36.632439,36.632439,1.0,0.0,3,available
higher_order_4,higher-order-prerequisite,higher_order_risk,interaction_aware_local_search,opt_or_near_opt,18,18,36.632439,36.632439,1.0,0.0,3,available
higher_order_4,higher-order-prerequisite,higher_order_risk,interaction_aware_local_search,v12_cost_aware_diagnostic_policy,18,18,36.632439,36.632439,1.0,0.0,3,available
higher_order_5,higher-order-prerequisite,ambiguous,no_certified_switch,random_budgeted,18,18,11.879445,36.826266,0.322581,0.677419,3,available
higher_order_5,higher-order-prerequisite,ambiguous,no_certified_switch,top_k_relevance,18,18,18.818282,36.826266,0.511002,0.488998,3,available
higher_order_5,higher-order-prerequisite,ambiguous,no_certified_switch,mmr_density_greedy,18,18,18.818282,36.826266,0.511002,0.488998,3,available
higher_order_5,higher-order-prerequisite,ambiguous,no_certified_switch,seeded_augmented_greedy,18,18,36.826266,36.826266,1.0,0.0,3,available
higher_order_5,higher-order-prerequisite,ambiguous,no_certified_switch,pair_aware_local_search,18,18,36.826266,36.826266,1.0,0.0,3,available
higher_order_5,higher-order-prerequisite,ambiguous,no_certified_switch,opt_or_near_opt,18,18,36.826266,36.826266,1.0,0.0,3,available
higher_order_5,higher-order-prerequisite,ambiguous,no_certified_switch,v12_cost_aware_diagnostic_policy,18,18,36.826266,36.826266,1.0,0.0,3,available
higher_order_6,higher-order-prerequisite,ambiguous,no_certified_switch,random_budgeted,18,18,14.360223,37.123223,0.386826,0.613174,3,available
higher_order_6,higher-order-prerequisite,ambiguous,no_certified_switch,top_k_relevance,18,18,18.892926,37.123223,0.508925,0.491075,3,available
higher_order_6,higher-order-prerequisite,ambiguous,no_certified_switch,mmr_density_greedy,18,18,18.892926,37.123223,0.508925,0.491075,3,available
higher_order_6,higher-order-prerequisite,ambiguous,no_certified_switch,seeded_augmented_greedy,18,18,37.123223,37.123223,1.0,0.0,3,available
higher_order_6,higher-order-prerequisite,ambiguous,no_certified_switch,pair_aware_local_search,18,18,37.123223,37.123223,1.0,0.0,3,available
higher_order_6,higher-order-prerequisite,ambiguous,no_certified_switch,opt_or_near_opt,18,18,37.123223,37.123223,1.0,0.0,3,available
higher_order_6,higher-order-prerequisite,ambiguous,no_certified_switch,v12_cost_aware_diagnostic_policy,18,18,37.123223,37.123223,1.0,0.0,3,available
higher_order_7,higher-order-prerequisite,ambiguous,no_certified_switch,random_budgeted,18,18,10.731783,37.595147,0.285457,0.714543,3,available
higher_order_7,higher-order-prerequisite,ambiguous,no_certified_switch,top_k_relevance,18,18,19.273251,37.595147,0.512653,0.487347,3,available
higher_order_7,higher-order-prerequisite,ambiguous,no_certified_switch,mmr_density_greedy,18,18,19.273251,37.595147,0.512653,0.487347,3,available
higher_order_7,higher-order-prerequisite,ambiguous,no_certified_switch,seeded_augmented_greedy,18,18,37.595147,37.595147,1.0,0.0,3,available
higher_order_7,higher-order-prerequisite,ambiguous,no_certified_switch,pair_aware_local_search,18,18,37.595147,37.595147,1.0,0.0,3,available
higher_order_7,higher-order-prerequisite,ambiguous,no_certified_switch,opt_or_near_opt,18,18,37.595147,37.595147,1.0,0.0,3,available
higher_order_7,higher-order-prerequisite,ambiguous,no_certified_switch,v12_cost_aware_diagnostic_policy,18,18,37.595147,37.595147,1.0,0.0,3,available
higher_order_8,higher-order-prerequisite,higher_order_risk,interaction_aware_local_search,random_budgeted,18,18,14.706273,38.437254,0.382605,0.617395,3,available
higher_order_8,higher-order-prerequisite,higher_order_risk,interaction_aware_local_search,top_k_relevance,18,18,19.577171,38.437254,0.509328,0.490672,3,available
higher_order_8,higher-order-prerequisite,higher_order_risk,interaction_aware_local_search,mmr_density_greedy,18,18,19.577171,38.437254,0.509328,0.490672,3,available
higher_order_8,higher-order-prerequisite,higher_order_risk,interaction_aware_local_search,seeded_augmented_greedy,18,18,38.437254,38.437254,1.0,0.0,3,available
higher_order_8,higher-order-prerequisite,higher_order_risk,interaction_aware_local_search,pair_aware_local_search,18,18,38.437254,38.437254,1.0,0.0,3,available
higher_order_8,higher-order-prerequisite,higher_order_risk,interaction_aware_local_search,opt_or_near_opt,18,18,38.437254,38.437254,1.0,0.0,3,available
higher_order_8,higher-order-prerequisite,higher_order_risk,interaction_aware_local_search,v12_cost_aware_diagnostic_policy,18,18,38.437254,38.437254,1.0,0.0,3,available
higher_order_9,higher-order-prerequisite,higher_order_risk,interaction_aware_local_search,random_budgeted,18,18,10.793566,38.671624,0.279108,0.720892,3,available
higher_order_9,higher-order-prerequisite,higher_order_risk,interaction_aware_local_search,top_k_relevance,18,18,19.89622,38.671624,0.514491,0.485509,3,available
higher_order_9,higher-order-prerequisite,higher_order_risk,interaction_aware_local_search,mmr_density_greedy,18,18,19.89622,38.671624,0.514491,0.485509,3,available
higher_order_9,higher-order-prerequisite,higher_order_risk,interaction_aware_local_search,seeded_augmented_greedy,18,18,38.671624,38.671624,1.0,0.0,3,available
higher_order_9,higher-order-prerequisite,higher_order_risk,interaction_aware_local_search,pair_aware_local_search,18,18,38.671624,38.671624,1.0,0.0,3,available
higher_order_9,higher-order-prerequisite,higher_order_risk,interaction_aware_local_search,opt_or_near_opt,18,18,38.671624,38.671624,1.0,0.0,3,available
higher_order_9,higher-order-prerequisite,higher_order_risk,interaction_aware_local_search,v12_cost_aware_diagnostic_policy,18,18,38.671624,38.671624,1.0,0.0,3,available
pairwise_0,pairwise-synergy,pairwise_escalate,seeded_augmented_greedy,random_budgeted,18,18,15.569722,24.822614,0.627239,0.372761,3,available
pairwise_0,pairwise-synergy,pairwise_escalate,seeded_augmented_greedy,top_k_relevance,18,18,21.542834,24.822614,0.867871,0.132129,3,available
pairwise_0,pairwise-synergy,pairwise_escalate,seeded_augmented_greedy,mmr_density_greedy,18,18,24.822614,24.822614,1.0,0.0,3,available
pairwise_0,pairwise-synergy,pairwise_escalate,seeded_augmented_greedy,seeded_augmented_greedy,18,18,24.822614,24.822614,1.0,0.0,3,available
pairwise_0,pairwise-synergy,pairwise_escalate,seeded_augmented_greedy,pair_aware_local_search,18,18,24.822614,24.822614,1.0,0.0,3,available
pairwise_0,pairwise-synergy,pairwise_escalate,seeded_augmented_greedy,opt_or_near_opt,18,18,24.822614,24.822614,1.0,0.0,3,available
pairwise_0,pairwise-synergy,pairwise_escalate,seeded_augmented_greedy,v12_cost_aware_diagnostic_policy,18,18,24.822614,24.822614,1.0,0.0,3,available
pairwise_1,pairwise-synergy,pairwise_escalate,seeded_augmented_greedy,random_budgeted,18,18,15.662852,24.750575,0.632828,0.367172,3,available
pairwise_1,pairwise-synergy,pairwise_escalate,seeded_augmented_greedy,top_k_relevance,18,18,21.463644,24.750575,0.867198,0.132802,3,available
pairwise_1,pairwise-synergy,pairwise_escalate,seeded_augmented_greedy,mmr_density_greedy,18,18,24.750575,24.750575,1.0,0.0,3,available
pairwise_1,pairwise-synergy,pairwise_escalate,seeded_augmented_greedy,seeded_augmented_greedy,18,18,24.750575,24.750575,1.0,0.0,3,available
pairwise_1,pairwise-synergy,pairwise_escalate,seeded_augmented_greedy,pair_aware_local_search,18,18,24.750575,24.750575,1.0,0.0,3,available
pairwise_1,pairwise-synergy,pairwise_escalate,seeded_augmented_greedy,opt_or_near_opt,18,18,24.750575,24.750575,1.0,0.0,3,available
pairwise_1,pairwise-synergy,pairwise_escalate,seeded_augmented_greedy,v12_cost_aware_diagnostic_policy,18,18,24.750575,24.750575,1.0,0.0,3,available
pairwise_2,pairwise-synergy,pairwise_escalate,seeded_augmented_greedy,random_budgeted,18,18,17.334921,25.210388,0.68761,0.31239,3,available
pairwise_2,pairwise-synergy,pairwise_escalate,seeded_augmented_greedy,top_k_relevance,18,18,21.959296,25.210388,0.871042,0.128958,3,available
pairwise_2,pairwise-synergy,pairwise_escalate,seeded_augmented_greedy,mmr_density_greedy,18,18,25.210388,25.210388,1.0,0.0,3,available
pairwise_2,pairwise-synergy,pairwise_escalate,seeded_augmented_greedy,seeded_augmented_greedy,18,18,25.210388,25.210388,1.0,0.0,3,available
pairwise_2,pairwise-synergy,pairwise_escalate,seeded_augmented_greedy,pair_aware_local_search,18,18,25.210388,25.210388,1.0,0.0,3,available
pairwise_2,pairwise-synergy,pairwise_escalate,seeded_augmented_greedy,opt_or_near_opt,18,18,25.210388,25.210388,1.0,0.0,3,available
pairwise_2,pairwise-synergy,pairwise_escalate,seeded_augmented_greedy,v12_cost_aware_diagnostic_policy,18,18,25.210388,25.210388,1.0,0.0,3,available
pairwise_3,pairwise-synergy,pairwise_escalate,seeded_augmented_greedy,random_budgeted,18,18,20.210216,25.774026,0.784131,0.215869,3,available
pairwise_3,pairwise-synergy,pairwise_escalate,seeded_augmented_greedy,top_k_relevance,18,18,22.25316,25.774026,0.863395,0.136605,3,available
pairwise_3,pairwise-synergy,pairwise_escalate,seeded_augmented_greedy,mmr_density_greedy,18,18,25.774026,25.774026,1.0,0.0,3,available
pairwise_3,pairwise-synergy,pairwise_escalate,seeded_augmented_greedy,seeded_augmented_greedy,18,18,25.774026,25.774026,1.0,0.0,3,available
pairwise_3,pairwise-synergy,pairwise_escalate,seeded_augmented_greedy,pair_aware_local_search,18,18,25.774026,25.774026,1.0,0.0,3,available
pairwise_3,pairwise-synergy,pairwise_escalate,seeded_augmented_greedy,opt_or_near_opt,18,18,25.774026,25.774026,1.0,0.0,3,available
pairwise_3,pairwise-synergy,pairwise_escalate,seeded_augmented_greedy,v12_cost_aware_diagnostic_policy,18,18,25.774026,25.774026,1.0,0.0,3,available
pairwise_4,pairwise-synergy,pairwise_escalate,seeded_augmented_greedy,random_budgeted,18,18,19.513699,26.115649,0.747203,0.252797,3,available
pairwise_4,pairwise-synergy,pairwise_escalate,seeded_augmented_greedy,top_k_relevance,18,18,18.821759,26.115649,0.720708,0.279292,3,available
pairwise_4,pairwise-synergy,pairwise_escalate,seeded_augmented_greedy,mmr_density_greedy,18,18,26.115649,26.115649,1.0,0.0,3,available
pairwise_4,pairwise-synergy,pairwise_escalate,seeded_augmented_greedy,seeded_augmented_greedy,18,18,26.115649,26.115649,1.0,0.0,3,available
pairwise_4,pairwise-synergy,pairwise_escalate,seeded_augmented_greedy,pair_aware_local_search,18,18,26.115649,26.115649,1.0,0.0,3,available
pairwise_4,pairwise-synergy,pairwise_escalate,seeded_augmented_greedy,opt_or_near_opt,18,18,26.115649,26.115649,1.0,0.0,3,available
pairwise_4,pairwise-synergy,pairwise_escalate,seeded_augmented_greedy,v12_cost_aware_diagnostic_policy,18,18,26.115649,26.115649,1.0,0.0,3,available
pairwise_5,pairwise-synergy,pairwise_escalate,seeded_augmented_greedy,random_budgeted,18,18,16.188668,26.620395,0.60813,0.39187,3,available
pairwise_5,pairwise-synergy,pairwise_escalate,seeded_augmented_greedy,top_k_relevance,18,18,18.962983,26.620395,0.712348,0.287652,3,available
pairwise_5,pairwise-synergy,pairwise_escalate,seeded_augmented_greedy,mmr_density_greedy,18,18,26.620395,26.620395,1.0,0.0,3,available
pairwise_5,pairwise-synergy,pairwise_escalate,seeded_augmented_greedy,seeded_augmented_greedy,18,18,26.620395,26.620395,1.0,0.0,3,available
pairwise_5,pairwise-synergy,pairwise_escalate,seeded_augmented_greedy,pair_aware_local_search,18,18,26.620395,26.620395,1.0,0.0,3,available
pairwise_5,pairwise-synergy,pairwise_escalate,seeded_augmented_greedy,opt_or_near_opt,18,18,26.620395,26.620395,1.0,0.0,3,available
pairwise_5,pairwise-synergy,pairwise_escalate,seeded_augmented_greedy,v12_cost_aware_diagnostic_policy,18,18,26.620395,26.620395,1.0,0.0,3,available
pairwise_6,pairwise-synergy,pairwise_escalate,seeded_augmented_greedy,random_budgeted,18,18,16.928454,26.642758,0.635387,0.364613,3,available
pairwise_6,pairwise-synergy,pairwise_escalate,seeded_augmented_greedy,top_k_relevance,18,18,19.103026,26.642758,0.717006,0.282994,3,available
pairwise_6,pairwise-synergy,pairwise_escalate,seeded_augmented_greedy,mmr_density_greedy,18,18,26.642758,26.642758,1.0,0.0,3,available
pairwise_6,pairwise-synergy,pairwise_escalate,seeded_augmented_greedy,seeded_augmented_greedy,18,18,26.642758,26.642758,1.0,0.0,3,available
pairwise_6,pairwise-synergy,pairwise_escalate,seeded_augmented_greedy,pair_aware_local_search,18,18,26.642758,26.642758,1.0,0.0,3,available
pairwise_6,pairwise-synergy,pairwise_escalate,seeded_augmented_greedy,opt_or_near_opt,18,18,26.642758,26.642758,1.0,0.0,3,available
pairwise_6,pairwise-synergy,pairwise_escalate,seeded_augmented_greedy,v12_cost_aware_diagnostic_policy,18,18,26.642758,26.642758,1.0,0.0,3,available
pairwise_7,pairwise-synergy,pairwise_escalate,seeded_augmented_greedy,random_budgeted,18,18,17.570875,27.169323,0.646717,0.353283,3,available
pairwise_7,pairwise-synergy,pairwise_escalate,seeded_augmented_greedy,top_k_relevance,18,18,23.622193,27.169323,0.869444,0.130556,3,available
pairwise_7,pairwise-synergy,pairwise_escalate,seeded_augmented_greedy,mmr_density_greedy,18,18,27.169323,27.169323,1.0,0.0,3,available
pairwise_7,pairwise-synergy,pairwise_escalate,seeded_augmented_greedy,seeded_augmented_greedy,18,18,27.169323,27.169323,1.0,0.0,3,available
pairwise_7,pairwise-synergy,pairwise_escalate,seeded_augmented_greedy,pair_aware_local_search,18,18,27.169323,27.169323,1.0,0.0,3,available
pairwise_7,pairwise-synergy,pairwise_escalate,seeded_augmented_greedy,opt_or_near_opt,18,18,27.169323,27.169323,1.0,0.0,3,available
pairwise_7,pairwise-synergy,pairwise_escalate,seeded_augmented_greedy,v12_cost_aware_diagnostic_policy,18,18,27.169323,27.169323,1.0,0.0,3,available
pairwise_8,pairwise-synergy,pairwise_escalate,seeded_augmented_greedy,random_budgeted,18,18,18.593322,27.721713,0.670713,0.329287,3,available
pairwise_8,pairwise-synergy,pairwise_escalate,seeded_augmented_greedy,top_k_relevance,18,18,24.073789,27.721713,0.868409,0.131591,3,available
pairwise_8,pairwise-synergy,pairwise_escalate,seeded_augmented_greedy,mmr_density_greedy,18,18,27.721713,27.721713,1.0,0.0,3,available
pairwise_8,pairwise-synergy,pairwise_escalate,seeded_augmented_greedy,seeded_augmented_greedy,18,18,27.721713,27.721713,1.0,0.0,3,available
pairwise_8,pairwise-synergy,pairwise_escalate,seeded_augmented_greedy,pair_aware_local_search,18,18,27.721713,27.721713,1.0,0.0,3,available
pairwise_8,pairwise-synergy,pairwise_escalate,seeded_augmented_greedy,opt_or_near_opt,18,18,27.721713,27.721713,1.0,0.0,3,available
pairwise_8,pairwise-synergy,pairwise_escalate,seeded_augmented_greedy,v12_cost_aware_diagnostic_policy,18,18,27.721713,27.721713,1.0,0.0,3,available
pairwise_9,pairwise-synergy,pairwise_escalate,seeded_augmented_greedy,random_budgeted,18,18,17.373132,27.883853,0.623053,0.376947,3,available
pairwise_9,pairwise-synergy,pairwise_escalate,seeded_augmented_greedy,top_k_relevance,18,18,24.137258,27.883853,0.865636,0.134364,3,available
pairwise_9,pairwise-synergy,pairwise_escalate,seeded_augmented_greedy,mmr_density_greedy,18,18,27.883853,27.883853,1.0,0.0,3,available
pairwise_9,pairwise-synergy,pairwise_escalate,seeded_augmented_greedy,seeded_augmented_greedy,18,18,27.883853,27.883853,1.0,0.0,3,available
pairwise_9,pairwise-synergy,pairwise_escalate,seeded_augmented_greedy,pair_aware_local_search,18,18,27.883853,27.883853,1.0,0.0,3,available
pairwise_9,pairwise-synergy,pairwise_escalate,seeded_augmented_greedy,opt_or_near_opt,18,18,27.883853,27.883853,1.0,0.0,3,available
pairwise_9,pairwise-synergy,pairwise_escalate,seeded_augmented_greedy,v12_cost_aware_diagnostic_policy,18,18,27.883853,27.883853,1.0,0.0,3,available
redundancy_0,redundancy-dominated,greedy_supported,monitored_greedy,random_budgeted,18,18,14.884515,27.159334,0.548044,0.451956,3,available
redundancy_0,redundancy-dominated,greedy_supported,monitored_greedy,top_k_relevance,18,18,19.966174,27.159334,0.73515,0.26485,3,available
redundancy_0,redundancy-dominated,greedy_supported,monitored_greedy,mmr_density_greedy,18,18,27.159334,27.159334,1.0,0.0,3,available
redundancy_0,redundancy-dominated,greedy_supported,monitored_greedy,seeded_augmented_greedy,18,18,27.159334,27.159334,1.0,0.0,3,available
redundancy_0,redundancy-dominated,greedy_supported,monitored_greedy,pair_aware_local_search,18,18,27.159334,27.159334,1.0,0.0,3,available
redundancy_0,redundancy-dominated,greedy_supported,monitored_greedy,opt_or_near_opt,18,18,27.159334,27.159334,1.0,0.0,3,available
redundancy_0,redundancy-dominated,greedy_supported,monitored_greedy,v12_cost_aware_diagnostic_policy,18,18,27.159334,27.159334,1.0,0.0,3,available
redundancy_1,redundancy-dominated,greedy_supported,monitored_greedy,random_budgeted,18,18,22.469322,27.59107,0.814369,0.185631,3,available
redundancy_1,redundancy-dominated,greedy_supported,monitored_greedy,top_k_relevance,18,18,20.267917,27.59107,0.734582,0.265418,3,available
redundancy_1,redundancy-dominated,greedy_supported,monitored_greedy,mmr_density_greedy,18,18,27.59107,27.59107,1.0,0.0,3,available
redundancy_1,redundancy-dominated,greedy_supported,monitored_greedy,seeded_augmented_greedy,18,18,27.59107,27.59107,1.0,0.0,3,available
redundancy_1,redundancy-dominated,greedy_supported,monitored_greedy,pair_aware_local_search,18,18,27.59107,27.59107,1.0,0.0,3,available
redundancy_1,redundancy-dominated,greedy_supported,monitored_greedy,opt_or_near_opt,18,18,27.59107,27.59107,1.0,0.0,3,available
redundancy_1,redundancy-dominated,greedy_supported,monitored_greedy,v12_cost_aware_diagnostic_policy,18,18,27.59107,27.59107,1.0,0.0,3,available
redundancy_2,redundancy-dominated,greedy_supported,monitored_greedy,random_budgeted,18,18,19.681253,27.700055,0.710513,0.289487,3,available
redundancy_2,redundancy-dominated,greedy_supported,monitored_greedy,top_k_relevance,18,18,20.214326,27.700055,0.729758,0.270242,3,available
redundancy_2,redundancy-dominated,greedy_supported,monitored_greedy,mmr_density_greedy,18,18,27.700055,27.700055,1.0,0.0,3,available
redundancy_2,redundancy-dominated,greedy_supported,monitored_greedy,seeded_augmented_greedy,18,18,27.700055,27.700055,1.0,0.0,3,available
redundancy_2,redundancy-dominated,greedy_supported,monitored_greedy,pair_aware_local_search,18,18,27.700055,27.700055,1.0,0.0,3,available
redundancy_2,redundancy-dominated,greedy_supported,monitored_greedy,opt_or_near_opt,18,18,27.700055,27.700055,1.0,0.0,3,available
redundancy_2,redundancy-dominated,greedy_supported,monitored_greedy,v12_cost_aware_diagnostic_policy,18,18,27.700055,27.700055,1.0,0.0,3,available
redundancy_3,redundancy-dominated,greedy_supported,monitored_greedy,random_budgeted,18,18,23.265541,28.244824,0.82371,0.17629,3,available
redundancy_3,redundancy-dominated,greedy_supported,monitored_greedy,top_k_relevance,18,18,20.529199,28.244824,0.72683,0.27317,3,available
redundancy_3,redundancy-dominated,greedy_supported,monitored_greedy,mmr_density_greedy,18,18,28.244824,28.244824,1.0,0.0,3,available
redundancy_3,redundancy-dominated,greedy_supported,monitored_greedy,seeded_augmented_greedy,18,18,28.244824,28.244824,1.0,0.0,3,available
redundancy_3,redundancy-dominated,greedy_supported,monitored_greedy,pair_aware_local_search,18,18,28.244824,28.244824,1.0,0.0,3,available
redundancy_3,redundancy-dominated,greedy_supported,monitored_greedy,opt_or_near_opt,18,18,28.244824,28.244824,1.0,0.0,3,available
redundancy_3,redundancy-dominated,greedy_supported,monitored_greedy,v12_cost_aware_diagnostic_policy,18,18,28.244824,28.244824,1.0,0.0,3,available
redundancy_4,redundancy-dominated,greedy_supported,monitored_greedy,random_budgeted,18,18,20.248927,28.456433,0.711576,0.288424,3,available
redundancy_4,redundancy-dominated,greedy_supported,monitored_greedy,top_k_relevance,18,18,20.657841,28.456433,0.725946,0.274054,3,available
redundancy_4,redundancy-dominated,greedy_supported,monitored_greedy,mmr_density_greedy,18,18,28.456433,28.456433,1.0,0.0,3,available
redundancy_4,redundancy-dominated,greedy_supported,monitored_greedy,seeded_augmented_greedy,18,18,28.456433,28.456433,1.0,0.0,3,available
redundancy_4,redundancy-dominated,greedy_supported,monitored_greedy,pair_aware_local_search,18,18,28.456433,28.456433,1.0,0.0,3,available
redundancy_4,redundancy-dominated,greedy_supported,monitored_greedy,opt_or_near_opt,18,18,28.456433,28.456433,1.0,0.0,3,available
redundancy_4,redundancy-dominated,greedy_supported,monitored_greedy,v12_cost_aware_diagnostic_policy,18,18,28.456433,28.456433,1.0,0.0,3,available
redundancy_5,redundancy-dominated,greedy_supported,monitored_greedy,random_budgeted,18,18,27.848522,29.149922,0.955355,0.044645,3,available
redundancy_5,redundancy-dominated,greedy_supported,monitored_greedy,top_k_relevance,18,18,21.321869,29.149922,0.731455,0.268545,3,available
redundancy_5,redundancy-dominated,greedy_supported,monitored_greedy,mmr_density_greedy,18,18,29.149922,29.149922,1.0,0.0,3,available
redundancy_5,redundancy-dominated,greedy_supported,monitored_greedy,seeded_augmented_greedy,18,18,29.149922,29.149922,1.0,0.0,3,available
redundancy_5,redundancy-dominated,greedy_supported,monitored_greedy,pair_aware_local_search,18,18,29.149922,29.149922,1.0,0.0,3,available
redundancy_5,redundancy-dominated,greedy_supported,monitored_greedy,opt_or_near_opt,18,18,29.149922,29.149922,1.0,0.0,3,available
redundancy_5,redundancy-dominated,greedy_supported,monitored_greedy,v12_cost_aware_diagnostic_policy,18,18,29.149922,29.149922,1.0,0.0,3,available
redundancy_6,redundancy-dominated,greedy_supported,monitored_greedy,random_budgeted,18,18,23.880313,30.020192,0.795475,0.204525,3,available
redundancy_6,redundancy-dominated,greedy_supported,monitored_greedy,top_k_relevance,18,18,21.836138,30.020192,0.727382,0.272618,3,available
redundancy_6,redundancy-dominated,greedy_supported,monitored_greedy,mmr_density_greedy,18,18,30.020192,30.020192,1.0,0.0,3,available
redundancy_6,redundancy-dominated,greedy_supported,monitored_greedy,seeded_augmented_greedy,18,18,30.020192,30.020192,1.0,0.0,3,available
redundancy_6,redundancy-dominated,greedy_supported,monitored_greedy,pair_aware_local_search,18,18,30.020192,30.020192,1.0,0.0,3,available
redundancy_6,redundancy-dominated,greedy_supported,monitored_greedy,opt_or_near_opt,18,18,30.020192,30.020192,1.0,0.0,3,available
redundancy_6,redundancy-dominated,greedy_supported,monitored_greedy,v12_cost_aware_diagnostic_policy,18,18,30.020192,30.020192,1.0,0.0,3,available
redundancy_7,redundancy-dominated,greedy_supported,monitored_greedy,random_budgeted,18,18,23.795977,29.99728,0.793271,0.206729,3,available
redundancy_7,redundancy-dominated,greedy_supported,monitored_greedy,top_k_relevance,18,18,21.780843,29.99728,0.726094,0.273906,3,available
redundancy_7,redundancy-dominated,greedy_supported,monitored_greedy,mmr_density_greedy,18,18,29.99728,29.99728,1.0,0.0,3,available
redundancy_7,redundancy-dominated,greedy_supported,monitored_greedy,seeded_augmented_greedy,18,18,29.99728,29.99728,1.0,0.0,3,available
redundancy_7,redundancy-dominated,greedy_supported,monitored_greedy,pair_aware_local_search,18,18,29.99728,29.99728,1.0,0.0,3,available
redundancy_7,redundancy-dominated,greedy_supported,monitored_greedy,opt_or_near_opt,18,18,29.99728,29.99728,1.0,0.0,3,available
redundancy_7,redundancy-dominated,greedy_supported,monitored_greedy,v12_cost_aware_diagnostic_policy,18,18,29.99728,29.99728,1.0,0.0,3,available
redundancy_8,redundancy-dominated,greedy_supported,monitored_greedy,random_budgeted,18,18,22.145062,30.496332,0.726155,0.273845,3,available
redundancy_8,redundancy-dominated,greedy_supported,monitored_greedy,top_k_relevance,18,18,22.145062,30.496332,0.726155,0.273845,3,available
redundancy_8,redundancy-dominated,greedy_supported,monitored_greedy,mmr_density_greedy,18,18,30.496332,30.496332,1.0,0.0,3,available
redundancy_8,redundancy-dominated,greedy_supported,monitored_greedy,seeded_augmented_greedy,18,18,30.496332,30.496332,1.0,0.0,3,available
redundancy_8,redundancy-dominated,greedy_supported,monitored_greedy,pair_aware_local_search,18,18,30.496332,30.496332,1.0,0.0,3,available
redundancy_8,redundancy-dominated,greedy_supported,monitored_greedy,opt_or_near_opt,18,18,30.496332,30.496332,1.0,0.0,3,available
redundancy_8,redundancy-dominated,greedy_supported,monitored_greedy,v12_cost_aware_diagnostic_policy,18,18,30.496332,30.496332,1.0,0.0,3,available
redundancy_9,redundancy-dominated,greedy_supported,monitored_greedy,random_budgeted,18,18,25.174076,30.816825,0.816894,0.183106,3,available
redundancy_9,redundancy-dominated,greedy_supported,monitored_greedy,top_k_relevance,18,18,22.391898,30.816825,0.726613,0.273387,3,available
redundancy_9,redundancy-dominated,greedy_supported,monitored_greedy,mmr_density_greedy,18,18,30.816825,30.816825,1.0,0.0,3,available
redundancy_9,redundancy-dominated,greedy_supported,monitored_greedy,seeded_augmented_greedy,18,18,30.816825,30.816825,1.0,0.0,3,available
redundancy_9,redundancy-dominated,greedy_supported,monitored_greedy,pair_aware_local_search,18,18,30.816825,30.816825,1.0,0.0,3,available
redundancy_9,redundancy-dominated,greedy_supported,monitored_greedy,opt_or_near_opt,18,18,30.816825,30.816825,1.0,0.0,3,available
redundancy_9,redundancy-dominated,greedy_supported,monitored_greedy,v12_cost_aware_diagnostic_policy,18,18,30.816825,30.816825,1.0,0.0,3,available
